name,male,dateOfBirth,DateoFdeath,house,age,isAlive
Viserys II Targaryen,1,,,,,0
Walder Frey,1,208,,House Frey,97,1
Addison Hill,1,,,House Swyft,,1
Aemma Arryn,0,82,105,House Arryn,23,0
Sylva Santagar,0,276,,House Santagar,29,1
Tommen Baratheon,1,,,,,1
Valarr Targaryen,1,183,209,House Targaryen,26,0
Viserys I Targaryen,1,,,,,0
Wilbert,1,,298,,,0
Wilbert Osgrey,1,,,House Osgrey,,1
Will,1,,297,Night's Watch,,0
Will (orphan),0,,,,,1
Will (squire),1,,,,,1
Will (Standfast),0,,,House Osgrey,,1
Will (Treb),1,,,House Osgrey,,1
Will Humble,1,,,House Humble,,1
Willam,1,,,,,1
Willem Wylde,1,,,House Wylde,,1
Willifer,0,,,,,1
Willit,1,,,House Swyft,,1
Willis Wode,1,,,House Wode,,1
Willis Fell,0,,,House Fell,,1
Willow Heddle,0,289,,Brotherhood Without Banners,16,1
Willum,1,,,,,1
Wolmer,1,,,House Webber,,1
Willow Witch-eye,0,,300,,,0
Woth,1,,299,,,0
Wulfe,1,,,House Greyjoy,,1
Wyl the Whittler,0,,,,,1
Wyl (guard),0,,298,House Stark,,0
Wyl Waynwood,0,,196,House Waynwood,,0
Wun Weg Wun Dar Wun,1,,,,,1
Wylla,1,,,House Dayne,,1
Wynafryd Manderly,0,280,,House Manderly,25,1
Xhondo,1,,,,,1
Ygon Farwynd,1,,,House Farwynd of the Lonely Light,,1
Yna,1,,,Happy Port,,1
Yohn Farwynd,1,,,House Farwynd of the Lonely Light,,1
Yorkel,0,,,House Targaryen,,1
Yorko Terys,1,,,,,1
Yormwell,0,,,,,1
Young Henly,1,240,299,Night's Watch,59,0
Ysilla,0,,,,,1
Zarabelo,0,,,,,1
Zei,0,,,,,1
Zekko,1,,,,,1
Zharaq zo Loraq,1,,,House of Loraq,,1
Wenda,0,,,Kingswood Brotherhood,,1
Wex Pyke,1,286,,House Botley,19,1
Timett,1,278,,Burned Men,27,1
Joffrey Baratheon,1,,,,,0
Laenor Velaryon,1,94,120,House Velaryon,26,0
Leobald Tallhart,1,,299,House Tallhart,,0
Maegor I Targaryen,1,,,,,0
Margaery Tyrell,0,283,,House Tyrell,22,1
Naerys Targaryen,0,138,,House Targaryen,100,0
Quence,0,,,,,1
Quellon Botley,1,,,House Botley,,1
Quellon Greyjoy,1,,283,House Greyjoy,,0
Quentyn Blackwood,0,,206,House Blackwood,,0
Quenton Greyjoy,1,,,House Greyjoy,,1
Quhuru Mo,1,,,,,1
Quickfinger,1,,,House Blackfyre,,1
Quill,1,,,,,1
Quentin Tyrell,0,,,House Tyrell,,1
Quort,1,285,299,wildling,14,0
Qyle,1,,299,,,0
Rafe,0,,,,,1
Racallio Ryndoon,1,,,Kingdom of the Three Daughters,,1
Ragnor Pyke,0,,,House Greyjoy,,1
Rainbow Knight,0,,,,,1
Randa,0,,,,,1
Rast,1,,299,Night's Watch,,0
Rawney,1,,,,,1
Raymar Royce,1,,,House Royce of the Gates of the Moon,,1
Raymond Nayland,0,,,House Nayland,,1
Raymund Tyrell,0,,,House Tyrell,,1
Red Oarsman,0,,,,,1
Red Lamb,1,,,House Targaryen,,1
Redtusk,1,,,,,1
Red Rolfe,1,,299,House Greyjoy,,0
Redwyn,0,,,Night's Watch,,1
Reynard Webber,0,,,House Webber,,1
Reysen,1,,,,,1
Rhaegel Targaryen,1,173,215,House Targaryen,42,0
Rhaena Targaryen (daughter of Daemon),0,116,,House Targaryen,100,0
Rhaena Targaryen (daughter of Aegon III),0,147,,House Targaryen,100,0
Rhaenys Targaryen,0,-25,10,House Targaryen,35,0
Rhaenys Targaryen (daughter of Rhaegar),0,280,283,House Targaryen,3,0
Rhialta Vance,0,,,House Vance of Wayfarer's Rest,,1
Rhaenys Targaryen (daughter of Aemon),0,74,129,House Targaryen,55,0
Rhonda Rowan,0,,,House Rowan,,1
Richard Farrow,0,,299,House Farrow,,0
Richard Lonmouth,1,,,House Lonmouth,,1
Rigney,1,,,,,1
Rob,1,,,House Osgrey,,1
Rickard Tyrell,1,,,House Tyrell,,1
Robb Reyne,1,,,House Reyne,,1
Robert Ashford,1,,,House Ashford,,1
Robert Brax (son of Flement),1,290,,House Brax,15,1
Robert Paege,0,,,House Paege,,1
Robb Stark,1,,,,,0
Robin,1,,,,,1
Robert Frey (son of Raymund),1,283,,House Frey,22,1
Robin Greyjoy,1,,,House Greyjoy,,1
Robin Hollard,1,,,House Hollard,,1
Rodrik Freeborn,1,,,,,1
Roelle,0,,,House Tarth,,1
Rodrik Stark (son of Beron),1,,,House Stark,,1
Roger of Pennytree,1,,194,,,0
Roggo,0,,,,,1
Roger Ryswell,1,,,House Ryswell,,1
Rolder,1,,,House Lannister,,1
Roland Crakehall (Kingsguard),1,,,House Crakehall,,1
Rolfe,1,,,,,1
Rolland Darklyn,1,,,House Darklyn,,1
Rollam Westerling,1,290,,House Westerling,15,1
Romny Weaver,1,,,House Weaver,,1
Ronald Storm,1,,,House Connington,,1
Ronnel Stout,0,,,House Stout,,1
Ronnel Harclay,0,,,House Harclay,,1
Roone,1,286,,,19,1
Roone (maester),1,,,,,1
Roryn Drumm,0,,,House Drumm,,1
Roose Ryswell,1,,,House Ryswell,,1
Rosamund Lannister,0,,,House Lannister of Lannisport,,1
Rosey,0,284,,,21,1
Rowan,1,,300,,,0
Rudge,0,,,Night's Watch,,1
Runciter,1,,112,,,0
Rupert Crabb,0,,,House Crabb,,1
Rus,0,,,Drowned men,,1
Rusty Flowers,1,,,Night's Watch,,1
Ryam,1,,,,,1
Ryk,1,,,,,1
Ryles,0,,299,Night's Watch,,0
Rymolf,0,,,House Greyjoy,,1
S'vrone,0,,,,,1
Saathos,0,,,,,1
Sailor's Wife,0,,,Happy Port,,1
Sallor,1,,299,Stormcrows,,0
Salloreon,1,,,Antler Men,,1
Sam Stoops,1,,,House Osgrey,,1
Samwell Spicer,1,,,House Spicer,,1
Sargon Botley,1,,,House Botley,,1
Scarb,0,,,,,1
Sawwood,1,,,Night's Watch,,1
Sedgekins,0,,,,,1
Sefton Staunton,1,,,House Staunton,,1
Serra,0,,,,,1
Sharna,0,,,,,1
Shella,0,,,,,1
Sherrit,0,,,,,1
Shortear,0,,,House Lannister,,1
Shyra,0,,,House Stark,,1
Sigfry Stonetree,1,,,House Stonetree,,1
Sigrin,1,,,House Greyjoy,,1
Simon Leygood,0,,,House Leygood,,1
Sky Blue Su,0,,,,,1
Skinner,1,,,House Bolton,,1
Skittrick,0,,,House Stark,,1
Skyte,1,,,,,1
Sloey,0,,,,,1
Spare Boot,1,,,Night's Watch,,1
Softfoot,1,,299,Night's Watch,,0
Spotted Pate of Maidenpool,1,,299,Night's Watch,,0
Squint,0,,299,House Greyjoy,,0
Squirrel,0,,300,,,0
Steffarion Sparr,1,,,House Sparr,,1
Stafford Lannister,1,246,299,House Lannister,53,0
Steffon Fossoway,1,,,House Fossoway of Cider Hall,,1
Steffon Hollard,0,,,House Hollard,,1
Stannis Baratheon,1,,,,,1
Steffon Varner,1,,,House Varner,,1
Stone Thumbs,0,,299,,,0
Stonehand,0,,,,,1
Sybassion,1,,,,,1
Sylas,0,,294,House Greyjoy,,0
Symon Stripeback,1,,,House Targaryen,,1
Symond Botley,1,,,House Botley,,1
Tagganaro,1,,,,,1
Tal Toraq,1,,,House Targaryen,,1
Talea,0,,,,,1
Talla Tarly,1,,,House Tarly,,1
Tansy,0,,,Peach,,1
Tansy (orphan),0,,,,,1
Tarber,1,,,,,1
Terrance Lynderly,0,,,House Lynderly,,1
Terro,1,,,,,1
Theo Frey,1,,,House Frey,,1
Theobald,1,,,,,1
Thistle,0,,300,,,0
Theon Stark,1,,,,,1
Thormor Ironmaker,1,,,House Ironmaker,,1
Tim Stone,0,,,Night's Watch,,1
Timon,0,,,,,1
Timett (father),0,,,Burned Men,,1
Timoth,1,,,House Martell,,1
Tobbot,0,,,House Clegane,,1
Toefinger,1,,,,,1
Todric,1,,299,,,0
Tom Costayne,0,,,House Costayne,,1
TomToo,0,,,House Stark,,1
Tommard Heddle,1,,211,House Heddle,,0
Toregg,1,,,,,1
Torrek,0,,,Stone Crows,,1
Tothmure,1,,299,,,0
Torrhen Stark,1,,,,,1
Tregar,0,,298,House Lannister,,0
Tregar Ormollen,1,,,,,1
Tristan Ryger,0,,,House Ryger,,1
Tristifer V Mudd,1,,,,,1
Tristimun,1,,,Sea watch,,1
Tristifer IV Mudd,1,,,,,0
Tuffleberry,0,,,,,1
Tumberjon,0,,,Night's Watch,,1
Tumco Lho,1,,,,,1
Turnip,0,,,House Stark,,1
Turquin,1,,,,,1
Tybero Istarion,1,,,Second Sons,,1
Tymor,1,,,House Greyjoy,,1
Ulf the Ill,0,,299,House Greyjoy,,0
Tywin Frey (son of Raymund),1,299,,House Frey,6,1
Uller,1,,,House Greyjoy,,1
Umar,0,,,Moon Brothers,,1
Umfred,0,,,House Baelish,,1
Umma,0,,,Faceless Men,,1
Urreg,0,,,,,1
Urek Ironmaker,1,,,House Ironmaker,,1
Urrathon,0,,,,,1
Urzen,1,,,House Greyjoy,,1
Urron Greyiron,1,,,,,1
Urrigon Greyjoy,1,268,,House Greyjoy,37,1
Uthor Underleaf,1,181,,,100,0
Utt,1,,299,Brave Companions,,0
Vaellyn,1,,,,,1
Varly,0,,298,House Stark,,0
Veiled Lady,0,,,,,1
Vickon Botley,1,,,House Botley,,1
Violet,0,,,,,1
Victor Tyrell,0,,,House Tyrell,,1
Walda Frey (daughter of Lothar),0,294,,House Frey,11,1
Walda Frey (daughter of Edwyn),0,290,,House Frey,15,1
Walda Frey (daughter of Rhaegar),0,288,,House Frey,17,1
Walda Frey (daughter of Walton),0,280,,House Frey,25,1
Walda Frey (daughter of Merrett),0,283,,House Frey,22,1
Walda Rivers (daughter of Aemon),0,295,,House Frey,10,1
Walder Frey (son of Jammos),1,291,,House Frey,14,1
Walder Frey (son of Emmon),0,285,,House Frey of Riverrun,20,1
Walder Frey (son of Ryman),1,260,,House Frey,45,1
Walder Frey (son of Merrett),1,291,300,House Frey,9,0
Wallen,0,,298,Night's Watch,,0
Walton,1,,,House Bolton,,1
Walys Flowers,1,,283,,,0
Wat (Barleycorn),1,,,House Osgrey,,1
Blue Bard,1,,,House Tyrell,,1
Wat (orphan),0,,,,,1
Wat (sailor),0,,,,,1
Wat (Standfast),0,,,House Osgrey,,1
Wat (Wet),1,,,House Osgrey,,1
Wate,0,,,House Targaryen,,1
Watt,1,,299,Night's Watch,,0
Wayn (guard),1,,,House Stark,,1
Weasel,1,296,,,9,1
Wendell Webber,1,,,House Webber,,1
Wendello Qar Deeth,0,,,,,1
Werlag,0,,,House Greyjoy,,1
Rafford,1,,300,House Clegane,,0
Jhogo,0,281,,House Targaryen,24,1
Sour Alyn,1,,,House Bolton,,1
Tobho Mott,1,,,,,1
Zollo,1,,,Brave Companions,,1
Tanda Stokeworth,0,,300,House Stokeworth,,0
Samwell Tarly,1,283,,Night's Watch,22,1
Abelar Hightower,1,,,House Hightower,,1
Addam Frey,1,,,House Frey,,1
Addam,1,,,,,1
Addam Osgrey,1,183,196,House Osgrey,13,0
Aegon Frey (son of Aenys),1,253,,House Frey,52,1
Aegon Frey (son of Stevron),1,249,299,House Frey,50,0
Aegon I Targaryen,1,,,,,0
Aegon II Targaryen,1,,,,,0
Aegon IV Targaryen,1,,,,,0
Aegon Targaryen (son of Baelon),1,,,House Targaryen,,1
Aegon III Targaryen,1,,,,,0
Aegon Targaryen (son of Jaehaerys I),0,50,,House Targaryen,100,0
Aegon Targaryen (son of Aenys I),1,26,43,House Targaryen,17,0
Aegon Targaryen (son of Rhaegar),1,281,283,House Targaryen,2,0
Aemon Costayne,1,,,House Costayne,,1
Aenys I Targaryen,1,,,,,0
Aethan,0,,,Night's Watch,,1
Aethelmure,0,,,,,1
Aggar,1,,299,House Greyjoy,,0
Agrivane,0,,,,,1
Aerys I Targaryen,1,,,,,0
Alaric of Eysen,0,,,,,1
Aerys II Targaryen,1,,,,,0
Alebelly,1,,299,House Stark,,0
Alequo Adarys,1,,266,Band of Nine,,0
Alester Oakheart,1,,,House Oakheart,,1
Alia,0,,,,,1
All-for-Joffrey,1,,299,,,0
Allaquo,1,,,,,1
Allyria Dayne,0,,,House Dayne,,1
Alicent Hightower,0,88,133,House Hightower,45,0
Alyce,1,,,,,1
Alvyn Sharp,1,,,House Sharp,,1
Alyn Hunt,1,,,House Hunt,,1
Alys Arryn,0,,,House Arryn,,1
Alysanne Bracken,0,,,House Bracken,,1
Alyn Velaryon,1,115,171,House Velaryon,56,0
Alysanne Osgrey,0,188,209,House Osgrey,21,0
Alyssa Arryn,0,,,House Arryn,,1
Alysanne Hightower,0,,,House Hightower,,1
Amabel,0,,,House Whent,,1
Ambrode,0,,,,,1
Andrey Dalt,0,,,House Dalt,,1
Andrey Charlton,1,,299,House Charlton,,0
Argrave the Defiant,1,,,House Butterwell,,1
Armen,1,,,,,1
Arneld,1,,,,,1
Arnell,1,,,Night's Watch,,1
Arrec Durrandon,1,,,,,1
Arron,1,,,Night's Watch,,1
Arryk (guard),0,,,House Tyrell,,1
Arron Qorgyle,1,,,House Qorgyle,,1
Arson,1,,,,,1
Aubrey Ambrose,1,,,House Ambrose,,1
Ayrmidon,0,,,,,1
Baelon Targaryen (son of Viserys I),1,105,105,House Targaryen,0,0
Baelon Targaryen (son of Aerys),0,,,House Targaryen,,1
Balon Botley,1,,,House Botley,,1
Baelor Targaryen (son of Daeron II),1,170,209,House Targaryen,39,0
Bandy,0,,,House Stark,,1
Bannen,1,,299,Night's Watch,,0
Barre,1,,,,,1
Barbara Bracken,0,,,House Bracken,,1
Barth (brewer),1,,,House Stark,,1
Bass,0,,,Night's Watch,,1
Bearded Ben,1,,,Night's Watch,,1
Becca,1,,,House Arryn,,1
Beck,1,299,,,6,1
Belandra,0,,,House Martell,,1
Beldecar,0,,,,,1
Belis,1,,,Alchemists' Guild,,1
Bellonara Otherys,0,,,,,1
Bella,0,283,,,22,1
Ben,1,293,,,12,1
Ben Blackthumb,1,,,House Whent,,1
Ben Bones,1,,,House Bolton,,1
Ben Bushy,0,,299,House Bushy,,0
Benedict,0,,,,,1
Benjen Stark (Bitter),1,,,,,1
Benjen Stark (Sweet),1,,,,,1
Bennet,0,,,,,1
Bennis,1,,,House Osgrey,,1
Beqqo,0,,,,,1
Bennarion Botley,1,,,House Botley,,1
Beron Blacktyde,0,,,House Blacktyde,,1
Bertram Beesbury,1,,,House Beesbury,,1
Bessa,1,,,,,1
Bessa (Winterfell),0,,,,,1
Bess Bracken,0,,,House Bracken,,1
Bethany (Blushing Bethany),0,,,,,1
Bethany Fair-Fingers,0,,,,,1
Bharbo,0,,,,,1
Big Boil,1,,,,,1
Blind Doss,0,,,,,1
Blane,1,,,Night's Watch,,1
Bodger,0,,,,,1
Borcas,1,,,Night's Watch,,1
Bors,1,,,House Martell,,1
Borroq,1,,,,,1
Boy,1,284,,,21,1
Brandon Stark (Bad),1,,,House Stark,,1
Brandon Stark (Burner),1,,,,,1
Brandon Stark (the daughterless),1,,,House Stark,,1
Brandon Stark (son of Cregan),1,,,House Stark,,1
Brandon Stark (Shipwright),1,,,,,1
Brea,0,,,,,1
Brella,0,,,House Baratheon,,1
Brenett,1,,,House Frey,,1
Briar,0,,,,,1
Brogg,1,,,,,1
Brusco,1,,,,,1
Brown Bernarr,0,,299,Night's Watch,,0
Bryan of Oldtown,0,,,,,1
Bryen,1,220,,House Baelish,85,1
Buford Bulwer,1,,,House Bulwer,,1
Bump,1,,,,,1
Buu,0,,,,,1
Byan Votyris,1,,,,,1
Byam Flint,1,,299,Night's Watch,,0
Byren Flowers,1,,,,,1
Byron,0,,,House Baelish,,1
Cadwyl,1,,,House Greyjoy,,1
Lord Cafferen,1,,282,House Cafferen,,0
Calon,0,,,House Stark,,1
Cadwyn,0,,,House Lannister,,1
Canker Jeyne,0,,,,,1
Carellen Smallwood,0,,,House Smallwood,,1
Cass,0,,,,,1
Carrot,0,,,House Royce of the Gates of the Moon,,1
Castos,0,,,,,1
Cedra,0,,,House Martell,,1
Catelyn Bracken,0,,,House Bracken,,1
Cedric Payne,1,,298,House Payne,,0
Cedrik Storm,0,,,House Buckler,,1
Cerrick,1,,,House Webber,,1
Cetheres,0,,,,,1
Catelyn Stark,0,264,299,House Tully,35,0
Cheyk,0,,,Black Ears,,1
Chiggen,1,,298,,,0
Clarence Crabb,1,,,House Crabb,,1
Clarence Charlton,0,,,House Charlton,,1
Clarence Crabb (Short),1,,,House Crabb,,1
Clement,1,251,,,54,1
Cleyton Caswell,0,,,House Caswell,,1
Clifford Conklyn,1,,,House Conklyn,,1
Colen of Greenpools,1,,,House Baratheon,,1
Collio Quaynis,1,,,,,1
Conn,1,,298,Stone Crows,,0
Coratt,1,,,Stone Crows,,1
Cosgrove,0,,,House Butterwell,,1
Cossomo,1,,,,,1
Courtenay Greenhill,0,,,House Greenhill,,1
Cregan Karstark,1,249,,House Karstark,56,1
Cutjack,1,,,,,1
Dacks,1,,,House Redfort,,1
Daella Targaryen (daughter of Jaehaerys I),0,54,82,House Targaryen,28,0
Daella Targaryen (daughter of Maekar I),1,199,,House Targaryen,100,0
Daenerys Targaryen (daughter of Aegon IV),0,172,,House Targaryen,100,0
Daeron I Targaryen,1,,,,,0
Daena Targaryen,0,145,,House Targaryen,100,0
Daeryssa,0,,,,,1
Daeron Targaryen (son of Viserys I),1,114,130,House Targaryen,16,0
Dagon Ironmaker,1,,,House Ironmaker,,1
Daeron Targaryen (son of Maekar I),1,190,221,House Targaryen,31,0
Daeron II Targaryen,1,,,,,0
Dake,1,,,House Osgrey,,1
Dale Drumm,0,,,House Drumm,,1
Dalla (Dragonstone),0,,,House Baratheon of Dragonstone,,1
Damon Lannister (lord),1,,210,House Lannister,,0
Dan,1,,,,,1
Damon Lannister (son of Jason),1,244,,House Lannister,61,1
Darla Deddings,0,,,House Deddings,,1
Danos Slynt,1,,,House Slynt,,1
Daughter of the Dusk,0,,,,,1
Del,0,283,299,,16,0
Denestan,0,,,,,1
Denyo Terys,1,287,,,18,1
Dennis Plumm,1,,,House Plumm,,1
Denys Drumm,1,,,House Drumm,,1
Denys Redwyne,1,,,House Redwyne,,1
Denyse Hightower,0,,,House Hightower,,1
Dhazzar,0,,,,,1
Dick Follard,1,,299,Night's Watch,,0
Dickon Manwoody,1,,,House Manwoody,,1
Dobber,1,,299,,,0
Donnel Drumm,1,,,House Drumm,,1
Donel Greyjoy,1,,,House Greyjoy,,1
Donella Hornwood,0,249,299,House Manderly,50,0
Donnel Hill,1,,,Night's Watch,,1
Donnis,0,,,House Stark,,1
Donyse,0,,,,,1
Dorcas,0,,,House Lannister,,1
Dornish Dilly,0,,299,Night's Watch,,0
Dorren Stark,1,,,,,1
Draqaz,0,,,,,1
Drennan,1,,299,House Greyjoy,,0
Dudley,1,,,,,1
Dryn,1,,,,,1
Dunaver,0,,,House Lannister,,1
Durran,1,,,,,1
Dyah,0,,,,,1
Dykk Harlaw,1,,299,House Harlaw,,0
Easy,1,,300,Night's Watch,,0
Duncan Targaryen,1,220,259,House Targaryen,39,0
Edgerran Oakheart,1,,,House Oakheart,,1
Eden Risley,1,,,House Risley,,1
Edmund Ambrose,0,,,House Ambrose,,1
Edwyn Osgrey,1,,196,House Osgrey,,0
Eggon,1,,,House Clegane,,1
Eglantine,0,,,Faith of the Seven,,1
Egon Emeros,0,,,Pureborn,,1
Eldiss,1,,,,,1
Eldred Codd,1,,,House Codd,,1
Elaena Targaryen,0,150,220,House Targaryen,70,0
Elys Westerling,0,,,House Westerling,,1
Elyas Willum,1,,,House Willum,,1
Elza,0,,294,House of Galare,,0
Emma,0,260,,,45,1
Elys Waynwood,0,,,House Waynwood,,1
Emrick,1,,,Night's Watch,,1
Endehar,0,,,,,1
Emphyria Vance,0,,,House Vance of Wayfarer's Rest,,1
Enger,0,,,House Tully,,1
Erik Ironmaker,1,211,,House Ironmaker,94,1
Erreck,1,,,,,1
Erreg,0,,,,,1
Errok,1,,,,,1
Erryk (guard),0,,,House Tyrell,,1
Esgred,1,,,,,1
Eustace (Braavos),0,,,Faith of the Seven,,1
Eustace (Dance of the Dragons),1,,,Faith of the Seven,,1
Ezzara,0,,,,,1
Euron Greyjoy,1,,,,,1
Ezzelyno,0,,,R'hllor,,1
Fern,0,,,,,1
Ferny,0,,,,,1
Ferret,0,,,,,1
Fogo,1,,298,,,0
Fornio,1,,,Night's Watch,,1
Fralegg,1,,,,,1
Frenya,1,,300,,,0
Frynne,0,,,,,1
Gage,0,,,House Stark,,1
Galladon of Morne,1,,,,,1
Gallard,0,,,,,1
Galt,0,,,Stone Crows,,1
Galtry the Green,1,,,,,1
Galyeon of Cuy,1,,,,,1
Gareth the Grey,1,,,,,1
Garigus,1,,,Alchemists' Guild,,1
Garizon,0,,,,,1
Gariss,1,,,House Stark,,1
Garrett Paege,1,,,House Paege,,1
Garth XII Gardener,0,,,,,1
Garth of Oldtown,0,,299,Night's Watch,,0
Gascoyne,0,,,House Martell,,1
Gavin,0,,,,,1
Gelmarr,1,,299,House Greyjoy,,0
Gerren,0,,,,,1
Gerold Lannister,1,,244,House Lannister,,0
Ghael,1,,,,,1
Gillam,1,,,,,1
Gladden Wylde,1,,298,House Wylde,,0
Glendon Flowers,1,196,,,100,0
Goady,0,,,Night's Watch,,1
Godwyn,1,,,House Lannister,,1
Gormond Drumm,1,,,House Drumm,,1
Gowen Baratheon,1,,,House Baratheon,,1
Grance Morrigen,1,,,House Morrigen,,1
Grazdan,1,,299,,,0
Grazdan zo Galare,1,,,House of Galare,,1
Green Gergen,1,,,,,1
Great Walrus,1,,,,,1
Gretchel,1,,,House Arryn,,1
Grey King,1,,,,,1
Griffin King,1,,,,,1
Grigg,0,,,,,1
Grisel,0,,,House Baelish,,1
Grisella,0,,,,,1
Gulian,0,,,,,1
Gulian Qorgyle,1,,,House Qorgyle,,1
Gurn,0,,,Stone Crows,,1
Guyne,0,,,,,1
Gwayne Corbray,1,,,House Corbray,,1
Gwayne Gaunt,0,,,House Gaunt,,1
Gwin Goodbrother,0,,,House Goodbrother,,1
Gyles,0,,,Kingsguard,,1
Gyleno Dothare,1,,,,,1
Gyles Farwynd,1,,,House Farwynd of the Lonely Light,,1
Gwynesse Harlaw,0,,,House Harlaw,,1
Gyles Grafton,1,,,House Grafton,,1
Gyloro Dothare,1,,,,,1
Gyles III Gardener,1,,,,,1
Gynir,1,,299,House Greyjoy,,0
Haggon,1,,,,,1
Gysella Goodbrother,0,,,House Goodbrother,,1
Hali,0,,298,,,0
Haldon,1,,,House Targaryen,,1
Harbert Paege,0,,,House Paege,,1
Hamish the Harper,0,,300,,,0
Halys Hornwood,1,,298,House Hornwood,,0
Harghaz,1,,300,,,0
Hareth (Mole's Town),1,,,Night's Watch,,1
Harlan Grandison,1,,281,House Grandison,,0
Harle the Handsome,1,,,,,1
Harle the Huntsman,1,,,,,1
Harlon Botley,1,,,House Botley,,1
Harmund Sharp,1,,,House Sharp,,1
Harlon Greyjoy,1,,,House Greyjoy,,1
Harodon,0,,,,,1
Harra,0,,299,House Whent,,0
Harrag Sharp,0,,299,House Sharp,,0
Harrag Hoare,1,,,,,1
Harren Half-Hoare,1,,,,,1
Harren Botley,0,,299,House Botley,,0
Harrold Osgrey,1,,,House Osgrey,,1
Harry Sawyer,0,,,House Sawyer,,1
Harsley,1,,299,,,0
Harwyn Hoare,1,,,,,1
Hayhead,1,,,House Stark,,1
Hazrak zo Loraq,1,,,House of Loraq,,1
Harwyn Plumm,1,,,House Plumm,,1
Helicent Uffering,0,171,,House Uffering,100,0
Helliweg,0,,,,,1
Helly,0,,,,,1
Helya,0,,,House Greyjoy,,1
Henk,1,,,,,1
Henly (House Ashford),0,,,House Ashford,,1
Herbert Bolling,0,,,House Bolling,,1
Hendry Bracken,0,,299,House Bracken,,0
Heward,0,,298,House Stark,,0
Hibald,1,,,,,1
Hilmar Drumm,1,,,House Drumm,,1
Hod,1,,,,,1
Hoke,0,,,House Lannister,,1
Holger,0,,,Stone Crows,,1
Hop-Robin,1,,,Night's Watch,,1
Hugh Beesbury,0,,,House Beesbury,,1
Humfrey Clifton,1,,,House Clifton,,1
Hunnimore,0,,,,,1
Husband,1,,,,,1
Illifer,1,240,,,65,1
Ironbelly,1,,,,,1
Jaehaerys Targaryen (son of Aegon II),1,123,129,House Targaryen,6,0
Jaehaera Targaryen,0,123,133,House Targaryen,10,0
Jaggot,0,,,Stone Crows,,1
Jaehaerys II Targaryen,1,,,,,0
Jaime Frey,1,299,,House Frey,6,1
Jaehaerys I Targaryen,1,,,,,0
Jate,0,,300,,,0
Jate Blackberry,1,,,House Blackberry,,1
Jasper Waynwood,1,,,House Waynwood,,1
Jayde,0,,,Chataya's brothel,,1
Jeffory Norcross,1,,,House Norcross,,1
Jeffory Mallister,1,,,House Mallister,,1
Jayne Bracken,0,,,House Bracken,,1
Squinty Jeyne,0,,,House Osgrey,,1
Jeyne Fossoway,0,,,House Fossoway of New Barrel,,1
Jeyne Heddle,0,281,,Brotherhood Without Banners,24,1
Jeyne Swann,0,,,House Swann,,1
Jeyne Westerling (wife of Maegor I),0,27,47,House Westerling,20,0
Jeyne Waters,1,171,,,100,0
Jeyne Westerling,0,283,,House Westerling,22,1
Jocelyn Swyft,0,,,House Swyft,,1
Jodge,1,,,House Lannister,,1
Joanna Swyft,0,,,House Swyft,,1
Joanna Lannister,0,245,273,House Lannister,28,0
Johanna Swann,0,,,House Swann,,1
Jommo,1,,,,,1
Jommy,1,,,House Baratheon,,1
Jon Cupps,1,,,House Cupps,,1
Jon Heddle,1,,,House Heddle,,1
Jon Hollard,1,,,House Hollard,,1
Jon Penny,0,,,House Penny,,1
Jon Penrose,1,,,House Penrose,,1
Jon Pox,1,,,,,1
Jon Vance,1,,,,,1
Jon Umber (Smalljon),1,,299,House Umber,,0
Jon Umber (Greatjon),1,,,House Umber,,1
Jon Waters,1,171,,,100,0
Jorquen,1,,,Night's Watch,,1
Jorgen,1,,,House Webber,,1
Joseran,0,,,,,1
Joseth,1,,,House Stark,,1
Joseth Mallister,0,,,House Mallister,,1
Joss,1,,,,,1
Joss the Gloom,0,,,,,1
Joth Quickbow,0,,,,,1
Josua Willum,1,,,House Willum,,1
Jurne,0,,,,,1
Jothos Slynt,1,,,House Slynt,,1
Jyck,1,,298,House Lannister,,0
Jyzene,0,,,,,1
Kegs,1,,,Night's Watch,,1
Kella,0,,,House Baelish,,1
Kemmett Pyke,0,,,,,1
Kenned,0,,299,,,0
Ketter,0,,,Night's Watch,,1
Kirby Pimm,1,,,,,1
Kojja Mo,0,,,,,1
Kirth Vance,1,,,House Vance of Atranta,,1
Koss,1,,299,,,0
Kromm,0,,299,House Greyjoy,,0
Kurz,1,,299,,,0
Kyle,1,,,,,1
Kyle (brotherhood),0,,299,Brotherhood without banners,,0
Kyle Royce,1,,,House Royce,,1
Kyleg,0,,,,,1
Kym,0,,,,,1
Lamprey,1,,,House Baratheon of Dragonstone,,1
Lancel V Lannister,0,,,,,1
Lanna,0,285,,,20,1
Lanna (Happy Port),0,286,,Happy Port,19,1
Larraq,1,,,,,1
Layna,0,279,,,26,1
Lem,1,,,Brotherhood without banners,,1
Leana Frey,0,299,,House Frey,6,1
Lennocks,1,,,,,1
Lem (Standfast),0,161,,House Osgrey,100,0
Lenn,0,,,,,1
Lenyl,1,,,,,1
Lenwood Tawney,1,,,House Tawney,,1
Leo Tyrell (Longthorn),1,,,House Tyrell,,1
Leona Tyrell,0,,,House Tyrell,,1
Leo Tyrell (son of Victor),1,,,House Tyrell,,1
Lester,0,,,House Lannister,,1
Lew (guard),0,,,House Stark,,1
Lewis Lanster,1,,,Windblown,,1
Lewys Piper,1,,,House Piper,,1
Leyla Hightower,0,,,House Hightower,,1
Lia Serry,0,,,House Serry,,1
Liane Vance,0,,,House Vance of Wayfarer's Rest,,1
Lister,1,,,,,1
Long Lew,1,,,House Tully,,1
Lorcas,1,241,,,64,1
Lorent Lorch,0,,,House Lorch,,1
Lorimer,1,,298,House Lefford,,0
Lorren,1,,299,,,0
Lothar,1,,,,,1
Lorent Tyrell,0,,,House Tyrell,,1
Lotho Lornel,0,,,,,1
Lucan,1,,299,House Whent,,0
Lucamore Strong,1,,,House Strong,,1
Lucantine Woodwright,0,,,,,1
Lucas Nayland,0,,,House Nayland,,1
Lucas Roote,1,,299,House Roote,,0
Lucifer Hardy,1,,,House Hardy,,1
Luco Prestayn,0,,,,,1
Lucimore Botley,0,,,House Botley,,1
Lucos,1,,,,,1
Luke of Longtown,0,,,Night's Watch,,1
Lucas Tyrell,1,,,House Tyrell,,1
Lum,1,,,House Lannister,,1
Luton,1,,300,House Bolton,,0
Luthor Tyrell (son of Moryn),0,,,House Tyrell,,1
Luthor Tyrell (son of Theodore),1,,,House Tyrell,,1
Lymond Mallister,0,,,House Mallister,,1
Lync,0,,,Night's Watch,,1
Lyonel (knight),1,,,House Lannister,,1
Lyonel Bentley,0,,130,Queensguard,,0
Lyonel Tyrell (lord),1,,159,House Tyrell,,0
Lysa Meadows,0,,,House Meadows,,1
Lyonel Tyrell (son of Leo),0,,,House Tyrell,,1
Maddy,0,,,House Arryn,,1
Maerie (Goodwife),0,,,,,1
Maerie (Whore),0,,299,,,0
Maggy,1,,,,,1
Malcolm,0,,,,,1
Malleon,1,,,,,1
Malliard,1,,,Alchemists' Guild,,1
Mallor (Knight),1,,,,,1
Mallor,0,,,House Lannister,,1
Manfred Dondarrion,1,,,House Dondarrion,,1
Manfred Lothston,1,,,House Lothston,,1
Manfred Swann,0,,,House Swann,,1
Manfryd Lothston,1,,,House Lothston,,1
Manfryd Yew,0,,,House Yew,,1
Marei,1,280,,Chataya's brothel,25,1
Marghaz zo Loraq,1,,,House of Loraq,,1
Maris,0,,,,,1
Marq Grafton,1,,282,House Grafton,,0
Martyn Mullendore,0,,,House Mullendore,,1
Maslyn,0,,299,Night's Watch,,0
Mathos Mallarawan,0,,,,,1
Matrice,0,,,House Baratheon of Dragonstone,,1
Matt,1,,,,,1
Maynard,1,,,,,1
Maynard Plumm,1,,,House Plumm,,1
Mazdhan zo Loraq,1,,,House of Loraq,,1
Mebble,1,,,,,1
Meha,0,,,,,1
Mela,0,,,House Arryn,,1
Meizo Mahr,0,,,,,1
Melaquin,0,,,,,1
Medwick Tyrell,1,,,,,1
Meliana,0,,,,,1
Melicent,0,,,,,1
Mellei,0,,,House Martell,,1
Melly,0,,,Brotherhood Without Banners,,1
Mellos,1,,,,,1
Meralyn,0,,,Happy Port,,1
Merling Queen,0,,,,,1
Mero,1,,299,Second Sons,,0
Merrell Florent,1,,,House Florent,,1
Michael Mertyns,1,,,House Mertyns,,1
Miklaz,0,,,,,1
Mollander,1,,,,,1
Mollos,0,,,,,1
Moonshadow,0,,,,,1
Moreo Tumitis,1,268,,,37,1
Morgarth,1,,,House Baelish,,1
Moro,1,,,,,1
Morra,0,,,House Martell,,1
Morrec,1,,298,House Lannister,,0
Mors Manwoody,1,,,House Manwoody,,1
Mortimer Boggs,1,,,House Boggs,,1
Mors Martell (brother of Doran),1,248,248,House Martell,0,0
Mother Mole,0,,,,,1
Mudge (brotherhood),0,,,Brotherhood without banners,,1
Mudge (miller),1,,,,,1
Mudge (swineherd),1,,,House Osgrey,,1
Munciter,1,,,Alchemists' Guild,,1
Mully,1,,,Night's Watch,,1
Murch,1,,,,,1
Murch (Winterfell),1,,,House Stark,,1
Myles (squire),1,,299,House Tully,,0
Myrtle,0,,300,,,0
Nage,1,,,House Bolton,,1
Nail,0,,,Second Sons,,1
Narbert,0,,,,,1
Narbo,0,,,,,1
Nan,0,,,House Stark,,1
Ned (ferryman),1,,,,,1
Nella,0,,,,,1
Ned Woods,1,,,House Woods,,1
Nissa Nissa,1,,,,,1
Nightingale,0,,,,,1
Nolla,0,,,,,1
Norjen,0,,,Drowned men,,1
Norren,1,,,,,1
Nymos,0,,,,,1
Normund Tyrell,0,,,,,1
Ocley,0,,,,,1
Ogo,1,,298,,,0
Old Crackbones,1,,,,,1
Old Grey Gull,1,,,Drowned men,,1
Old Tattersalt,1,,,Night's Watch,,1
Old Henly,1,220,299,Night's Watch,79,0
Olyvar Oakheart,1,,161,House Oakheart,,0
Olene Tyrell,0,,,House Tyrell,,1
Orbelo,1,,,,,1
Orivel,1,,,Kingsguard,,1
Orell,1,,299,,,0
Ormond (knight),0,,299,,,0
Ormond Osgrey,0,,,House Osgrey,,1
Ormond Westerling,0,,,House Westerling,,1
Oro Tendyris,1,,,,,1
Ormund Wylde,1,,,House Wylde,,1
Osmynd,0,,,Faith of the Seven,,1
Ossy,0,,,House Royce of the Gates of the Moon,,1
Oswyn,0,,,Kingswood Brotherhood,,1
Othor,1,,298,Night's Watch,,0
Otter Gimpknee,0,,,,,1
Ottomore,1,,,,,1
Owen (brother of Meribald),1,,,,,1
Owen,1,,,Night's Watch,,1
Owen Inchfield,0,,,House Inchfield,,1
Palla,0,,,House Stark,,1
Pate (Old),1,,,,,1
Pate (Mory),1,,,,,1
Pate (Lancewood),1,,,,,1
Pate (Pinchbottom),0,,209,,,0
Pate (Night's Watch),0,,,Night's Watch,,1
Pate (Shermer's Grove),1,,,,,1
Pate (Standfast),1,161,,House Osgrey,100,0
Penny Jenny,0,,,,,1
Penny,0,281,,Second Sons,24,1
Perros Blackmont,1,,,House Blackmont,,1
Perwyn Osgrey,0,,,House Osgrey,,1
Peter Plumm,1,,,House Plumm,,1
Plummer,0,,,House Ashford,,1
Poetess,0,,,,,1
Pollitor,1,,,Alchemists' Guild,,1
Porridge,1,,,House Baratheon of Dragonstone,,1
Porther,1,,,House Stark,,1
Portifer Woodwright,0,,,,,1
Poul Pemford,1,,299,House Pemford,,0
Poxy Tym,1,,299,House Stark,,0
Praed,1,,299,,,0
Puckens,0,,,House Lannister,,1
Pudding,0,,,,,1
Puddingfoot,0,,,Brotherhood without banners,,1
Qalen,1,,,House Greyjoy,,1
Qarl the Thrall,0,,,,,1
Qarl Kenning,0,,,House Kenning of Harlaw,,1
Qarl Correy,1,,,House Velaryon,,1
Qarl Shepherd,0,,,House Shepherd,,1
Qarl Quickaxe,1,,,,,1
Qos,1,,,,,1
Quellon Humble,1,,,House Humble,,1
Quaro,0,,298,,,0
Aelinor Penrose,0,,,House Penrose,,1
Aemon Estermont,1,,,House Estermont,,1
Aemon Rivers,1,,,House Frey,,1
Aglantine,0,,,Faith of the Seven,,1
Aladale Wynch,1,,300,House Wynch,,0
Albett,1,,,Night's Watch,,1
Albar Royce,1,,,House Royce of the Gates of the Moon,,1
Alesander Staedmon,0,,,House Staedmon,,1
Alekyne Florent,1,,,House Florent,,1
Alesander Frey,0,265,,House Frey,40,1
Alester Norcross,1,290,,House Norcross,15,1
Allard Seaworth,1,,299,House Seaworth,,0
Allar Deem,1,,299,City Watch of King's Landing,,0
Alla Tyrell,0,286,,House Tyrell,19,1
Alyn Cockshaw,1,,211,House Cockshaw,,0
Alyce Graceford,0,,,House Graceford,,1
Alyn Connington,0,,,House Connington,,1
Alyn Ambrose,1,,,House Ambrose,,1
Alyn Estermont,1,,,House Estermont,,1
Alyn Stackspear,0,,,House Stackspear,,1
Alyn Frey,1,295,,House Frey,10,1
Alyn Haigh,0,256,,House Haigh,49,1
Alysanne Bulwer,0,291,,House Bulwer,14,1
Alysanne Lefford,0,,,House Lefford,,1
Alys Frey,0,,,House Frey,,1
Alyssa Blackwood,0,,269,House Blackwood,,0
Alyx Frey,0,282,,House Frey,23,1
Amarei Crakehall,0,245,264,House Crakehall,19,0
Ambrose Butterwell,1,160,,House Butterwell,100,0
Andar Royce,1,,,House Royce,,1
Andros Brax,1,,298,House Brax,,0
Antario Jast,1,,,House Jast,,1
Andrew Estermont,1,,,House Estermont,,1
Annara Farring,0,,,House Farring,,1
Ardrian Celtigar,1,229,,House Celtigar,76,1
Anya Waynwood,0,,,House Waynwood,,1
Androw Frey,1,295,,House Frey,10,1
Armond Caswell,1,,,House Caswell,,1
Arthur Ambrose,1,,,House Ambrose,,1
Arthor Karstark,1,,,House Karstark,,1
Arwyn Frey,0,285,,House Frey,20,1
Artos Stark,1,,,House Stark,,1
Arwood Frey,1,263,,House Frey,42,1
Lord Ashford,1,,,House Ashford,,1
Azzak,0,,,House of Ghazeen,,1
Baelor Hightower,1,,,House Hightower,,1
Balman Byrch,1,,300,House Byrch,,0
Barth,1,,99,Faith of the Seven,,0
Bayard Norcross,0,,,House Norcross,,1
Bedwyck,1,,,Night's Watch,,1
Barthogan Stark,1,,,House Stark,,1
Bellena Hawick,0,,,House Hawick,,1
Benedar Belmore,1,,,House Belmore,,1
Benedict Broom,0,,,House Broom,,1
Bennard Brune,1,,,House Brune of Brownhollow,,1
Benfrey Frey,1,271,299,House Frey,28,0
Beren Tallhart,1,289,,House Tallhart,16,1
Berena Hornwood,0,,,House Hornwood,,1
Beth Cassel,0,289,,House Cassel,16,1
Beron Stark,1,,,House Stark,,1
Bhakaz zo Loraq,1,,,House of Loraq,,1
Bethany Redwyne,0,,,House Redwyne,,1
Bethany Rosby,0,265,282,House Rosby,17,0
Black Bernarr,1,,,Night's Watch,,1
Betharios of Braavos,0,,,House Frey,,1
Boremund Harlaw,1,,,House Harlaw of Harridan Hill,,1
Bradamar Frey,1,289,,House Frey,16,1
Branston Cuy,0,,,House Cuy,,1
Brandon Tallhart,1,284,,House Tallhart,21,1
Bryan Fossoway,1,,299,House Fossoway of Cider Hall,,0
Bryan Frey,1,281,,House Frey,24,1
Bryen Farring,1,,300,House Farring,,0
Bryen Caron,1,,289,House Caron,,0
Burton Crakehall,1,,299,House Crakehall,,0
Craghas Drahar,1,,108,Kingdom of the Three Daughters,,0
Carolei Waynwood,0,,,House Waynwood,,1
Lord Caswell,1,,,House Caswell,,1
Cayn,1,,298,House Stark,,0
Cerenna Lannister,0,,,House Lannister,,1
Cersei Frey,0,292,,House Frey,13,1
Chayle,1,,299,,,0
Clarent Crakehall,0,,130,House Crakehall,,0
Clement Crabb,1,,,House Crabb,,1
Clement Piper,1,,,House Piper,,1
Cley Cerwyn,1,284,299,House Cerwyn,15,0
Clubfoot Karl,1,,300,Night's Watch,,0
Conwy,0,,,Night's Watch,,1
Colin Florent,0,,,House Florent,,1
Colmar Frey,1,288,,House Frey,17,1
Corliss Penny,0,,,House Penny,,1
Creighton Redfort,0,,,House Redfort,,1
Cuger,1,,,Night's Watch,,1
Cregan Stark,1,,157,House Stark,,0
Cyrenna Swann,0,236,249,House Swann,13,0
Cynthea Frey,0,290,,House Frey,15,1
Daegon Shepherd,0,,,House Shepherd,,1
Daeron Vaith,0,,,House Vaith,,1
Dafyn Vance,0,,,House Vance,,1
Dagon Greyjoy,1,,,House Greyjoy,,1
Dalbridge,1,254,299,Night's Watch,45,0
Damon Paege,1,,,House Paege,,1
Damon Shett,0,,,House Shett of Gull Tower,,1
Damon Vypren,0,265,,House Vypren,40,1
Dancy,0,,,Chataya's brothel,,1
Dareon,1,,300,Night's Watch,,0
Darlessa Marbrand,0,,,House Marbrand,,1
Daryn Hornwood,1,,298,House Hornwood,,0
Danwell Frey,1,252,,House Frey,53,1
Deana Hardyng,0,,,House Hardyng,,1
Delena Florent,0,,,House Florent,,1
Della Frey,0,296,,House Frey,9,1
Delp,0,,299,House Tully,,0
Delonne Allyrion,0,,,House Allyrion,,1
Denys Darklyn,1,,,House Darklyn,,1
Denys Arryn,0,,283,House Arryn,,0
Dermot,0,,,House Baratheon of Dragonstone,,1
Desmond,0,,298,House Stark,,0
Desmond Redwyne,1,,,House Redwyne,,1
Deziel Dalt,1,,,House Dalt,,1
Dickon Tarly,1,287,,House Tarly,18,1
Dickon Frey,1,294,,House Frey,11,1
Dirk,1,,300,Night's Watch,,0
Dolf,0,,,Stone Crows,,1
Donnel Haigh,1,255,,House Haigh,50,1
Donnel of Duskendale,1,,,Kingsguard,,1
Donnel Locke,0,,299,House Locke,,0
Donnel Waynwood,0,277,,House Waynwood,28,1
Donnor Stark,1,,,House Stark,,1
Dormund,1,,300,,,0
Duram Bar Emmon,0,284,,House Bar Emmon,21,1
Ebben,1,,299,Night's Watch,,0
Edderion Stark,1,,,House Stark,,1
Edmyn Tully,1,,,House Tully,,1
Eddara Tallhart,0,289,,House Tallhart,16,1
Edrick Stark,1,,,House Stark,,1
Edwyd Fossoway,1,,299,House Fossoway of Cider Hall,,0
Edwyn Stark,0,,,House Stark,,1
Edwyle Stark,1,,,House Stark,,1
Elder Brother,1,255,,Faith of the Seven,50,1
Elbert Arryn,1,,282,House Arryn,,0
Eleanor Mooton,0,286,,House Mooton,19,1
Ellery Vance,1,,,House Vance of Atranta,,1
Elron,0,,,Night's Watch,,1
Elinor Tyrell,0,286,,House Tyrell,19,1
Elmar Frey,1,290,,House Frey,15,1
Elwood,0,,299,House Tully,,0
Elwood Meadows,1,278,,House Meadows,27,1
Elyana Vypren,0,264,,House Vypren,41,1
Elyn Norridge,0,,,House Norridge,,1
Emberlei Frey,0,296,,House Frey,9,1
Endrew Tarth,1,,299,House Tarth,,0
Eroeh,0,,298,,,0
Eon Hunter,1,,300,House Hunter,,0
Ermesande Hayford,0,298,,House Hayford,7,1
Erena Glover,0,297,,House Glover,8,1
Erren Florent,1,,,House Florent,,1
Eustace Brune,1,,,House Brune of the Dyre Den,,1
Eustace Hunter,0,,,House Hunter,,1
Eyron Stark,1,,,House Stark,,1
Ferrego Antaryon,1,,,,,1
Forley Prester,1,,,House Prester,,1
Franklyn Fowler,1,,,House Fowler,,1
Flement Brax,1,,,House Brax,,1
Frenken,0,,,,,1
Franklyn Frey,1,,,House Frey,,1
Gareth Clifton,1,,,House Clifton,,1
Garrison Prester,1,,,House Prester,,1
Garth of Greenaway,1,,300,Night's Watch,,0
Garrett Flowers,0,,,House Tyrell,,1
Garse Goodbrook,1,,,House Goodbrook,,1
Garse Flowers,1,,,House Tyrell,,1
Garth Greenfield,0,,,House Greenfield,,1
Garth Greyfeather,1,,300,Night's Watch,,0
Gawen Swann,1,152,,House Swann,100,0
Gawen Glover,1,295,,House Glover,10,1
Gawen Wylde,1,,283,House Wylde,,0
Garth Tyrell,1,,,House Tyrell,,1
Gendel,1,,,,,1
Gawen Westerling,1,,,House Westerling,,1
Gerald Gower,0,,,House Gower,,1
Gerold Grafton,1,,,House Grafton,,1
Gerardys,1,,130,Blacks,,0
Gilbert Farring,1,,,House Farring,,1
Glendon Hewett,1,,,House Hewett,,1
Gilwood Hunter,1,250,,House Hunter,55,1
Godric Borrell,1,,,House Borrell,,1
Goodwin,1,,,House Tarth,,1
Gormon Peake,1,,211,House Peake,,0
Gorne,1,,,,,1
Gormon Tyrell,1,,,Citadel,,1
Grazdan mo Eraz,0,,,Wise Masters,,1
Grazdan mo Ullhor,1,,299,Good Masters,,0
Grazdar zo Galare,1,,,House of Galare,,1
Grubbs,0,,300,Night's Watch,,0
Gueren,1,,,Night's Watch,,1
Guncer Sunglass,1,,299,House Sunglass,,0
Gulian Swann,1,259,,House Swann,46,1
Guthor Grimm,1,,,House Grimm,,1
Gunthor Hightower,0,,,House Hightower,,1
Gyldayn,1,,,The Citadel,,1
Gwayne Hightower,1,88,130,House Hightower,42,0
Hairy Hal,0,,300,Night's Watch,,0
Hake,1,,299,Night's Watch,,0
Halder,1,281,,Night's Watch,24,1
Hallis Mollen,1,,,House Mollen,,1
Halmon Paege,1,,,House Paege,,1
Harbert,1,,,House Baratheon,,1
Harlan Hunter,1,,,House Hunter,,1
Harlen Tyrell,1,,5,House Tyrell,,0
Harmond Umber,0,,,House Umber,,1
Harmune,1,,,Night's Watch,,1
Harrold Westerling,1,,112,House Westerling,,0
Harwood Fell,1,,300,House Fell,,0
Harwin Strong,1,90,120,House Strong,30,0
Harwood Stout,1,,,House Stout,,1
Harys Haigh,1,254,,House Haigh,51,1
Helman Tallhart,1,,299,House Tallhart,,0
Lord Commander Hoare,1,,,House Hoare,,1
Hobber Redwyne,1,,,House Redwyne,,1
Hoarfrost Umber,1,,,House Umber,,1
Hosman Norcross,1,,,House Norcross,,1
Hoster Frey,1,287,,House Frey,18,1
Horas Redwyne,1,,,House Redwyne,,1
Hubard Rambton,1,,299,House Rambton,,0
Horton Redfort,1,,,House Redfort,,1
Hotho Harlaw,1,,,House Harlaw of the Tower of Glimmering,,1
Hugo Wull,1,,,House Wull,,1
Hugor of the Hill,1,,,,,1
Hugo Vance,1,,,House Vance of Atranta,,1
Hullen,1,,298,House Stark,,0
Humfrey Beesbury,1,,209,House Beesbury,,0
Humfrey Hardyng,1,,209,House Hardyng,,0
Humfrey Swyft,0,,,House Swyft,,1
Humfrey Wagstaff,0,230,,House Wagstaff,75,1
Igon Vyrwel,0,,,House Vyrwel,,1
Jacks,0,,,House Stark,,1
Janei Lannister,0,296,,House Lannister,9,1
Jammos Frey,1,266,,House Frey,39,1
Janna Tyrell,0,,,House Tyrell,,1
Jaremy Rykker,1,,298,Night's Watch,,0
Jarl,1,,299,,,0
Jason Lannister,1,,130,House Lannister,,0
Jasper Arryn,1,,,House Arryn,,1
Jasper Redfort,0,,,House Redfort,,1
Jeren,1,,,Night's Watch,,1
Jeyne Arryn,0,,134,House Arryn,,0
Jeyne Beesbury,0,,,House Beesbury,,1
Jeyne Darry,1,,,House Darry,,1
Jeyne Goodbrook,0,293,,House Goodbrook,12,1
Jeyne Rivers,0,,,House Frey,,1
Jeyne Lydden,0,,,House Lydden,,1
Joffrey Lonmouth,1,99,114,House Lonmouth,15,0
Joffrey Caswell,1,190,,House Caswell,100,0
Jon Bettley,0,,,House Bettley,,1
Jon Brax,0,296,,House Brax,9,1
Jon Lynderly,0,,,House Lynderly,,1
Jon Myre,0,,,House Myre,,1
Jon Redfort,0,,,House Redfort,,1
Jon Wylde,1,,,House Wylde,,1
Jonos Stark,1,,,House Stark,,1
Jonos Frey,0,291,,House Frey,14,1
Jonnel Stark,1,,,House Stark,,1
Joramun,1,,,,,1
Jorah Stark,1,,,House Stark,,1
Jonothor Darry,1,,283,House Darry,,0
Jorelle Mormont,0,278,,House Mormont,27,1
Jyana,0,,,House Reed,,1
Joy Hill,0,288,,House Lannister,17,1
Jyanna Frey,0,,,House Frey,,1
Kaeth,1,175,257,,82,0
Jynessa Blackmont,0,,,House Blackmont,,1
Karlon Stark,1,,,House Stark,,1
Kedge Whiteye,1,251,,Night's Watch,54,1
Kennos of Kayce,1,,,House Kenning of Kayce,,1
Kezmya,0,,,House of Pahl,,1
Kyra,1,280,300,House Stark,20,0
Kyra Frey,0,262,,House Frey,43,1
Lambert Turnberry,1,,,House Turnberry,,1
Lark,1,,299,Night's Watch,,0
Larence Snow,1,286,,House Hornwood,19,1
Larra Blackmont,0,,,House Blackmont,,1
Lanna Lannister,0,,,House Lannister,,1
Leathers,1,259,,Night's Watch,46,1
Left Hand Lew,1,,,Night's Watch,,1
Leo Lefford,1,,299,House Lefford,,0
Leo Blackbar,1,,,House Blackbar,,1
Leona Woolfield,0,,,House Woolfield,,1
Leonette Fossoway,0,,,House Fossoway,,1
Leonella Lefford,0,,,House Lefford,,1
Lester Morrigen,0,,,House Morrigen,,1
Lewys the Fishwife,0,,,House Baratheon of Dragonstone,,1
Lewys Lydden,0,,,House Lydden,,1
Leslyn Haigh,0,,,House Haigh,,1
Lomas Estermont,0,,,House Estermont,,1
Lorent Marbrand,1,,130,House Marbrand,,0
Loreza Sand,0,293,,House Martell,12,1
Lothar Mallery,0,,298,House Mallery,,0
Lucas Corbray,0,,,House Corbray,,1
Lucas Codd,0,,,House Codd,,1
Luceon Frey,1,249,,Faith of the Seven,56,1
Lucias Vypren,1,,,House Vypren,,1
Lucos Chyttering,1,283,,House Chyttering,22,1
Lucion Lannister,0,,,House Lannister,,1
Luthor Tyrell,1,,,House Tyrell,,1
Lyanna Mormont,1,290,,House Mormont,15,1
Lyessa Flint,0,,,House Flint of Widow's Watch,,1
Lyman Beesbury,1,48,129,House Beesbury,81,0
Lymond Goodbrook,1,,,House Goodbrook,,1
Lyman Darry,0,290,299,House Darry,9,0
Lymond Lychester,1,,,House Lychester,,1
Lymond Vikary,1,,,House Vikary,,1
Lyonel Selmy,1,,,House Selmy,,1
Aggo,0,,,House Targaryen,,1
Alys Karstark,0,284,,House Karstark,21,1
Cleos Frey,1,258,299,House Frey,41,0
Dontos Hollard,1,261,300,House Hollard,39,0
Craster,1,,299,,,0
Dale Seaworth,1,,299,House Seaworth,,0
Denys Mallister,1,245,,House Mallister,60,1
Edric Storm,1,287,,House Baratheon,18,1
Hosteen Frey,1,249,,House Frey,56,1
Lyonel Corbray,1,260,,House Corbray,45,1
Lyonel Frey,0,259,,House Frey of Riverrun,46,1
Lyonel Strong,1,,120,House Strong,,0
Lythene Frey,0,251,,House Frey,54,1
Lyra Mormont,0,277,,House Mormont,28,1
Maegelle Frey,0,249,,House Frey,56,1
Mallador Locke,1,,299,Night's Watch,,0
Malwyn Frey,1,284,,House Frey,21,1
Manfrey Martell,0,,,House Martell,,1
Margot Lannister,0,,,House Lannister,,1
Maric Seaworth,1,,299,House Seaworth,,0
Marianne Vance,0,262,,House Vance,43,1
Mariya Darry,0,,,House Darry,,1
Marissa Frey,0,286,,House Frey,19,1
Maron Martell,1,,,House Martell,,1
Maron Volmark,1,283,,House Volmark,22,1
Marq Rankenfell,1,,,Night's Watch,,1
Marsella Waynwood,0,,,House Waynwood,,1
Matarys Targaryen,1,184,209,House Targaryen,25,0
Martyn Rivers,0,,,House Frey,,1
Martyn Lannister,1,285,,House Lannister,20,1
Marwyn Belmore,1,,,House Belmore,,1
Mathis Frey,0,294,,House Frey,11,1
Matthar,1,,,Night's Watch,,1
Mawney,1,,300,Night's Watch,,0
Medgar Tully,1,,209,House Tully,,0
Medger Cerwyn,1,,299,House Cerwyn,,0
Megga Tyrell,0,286,,House Tyrell,19,1
Meldred Merlyn,0,,,House Merlyn,,1
Melesa Crakehall,0,,,House Crakehall,,1
Melara Crane,0,,,House Crane,,1
Melessa Florent,0,,,House Florent,,1
Mellara Rivers,0,,,House Frey,,1
Melwyn Sarsfield,1,,,House Sarsfield,,1
Melwys Rivers,0,,,,,1
Meredyth Crane,0,,,House Crane,,1
Merianne Frey,0,288,,House Frey,17,1
Merlon Crakehall,1,,,House Crakehall,,1
Mezzara,1,,,House of Merreq,,1
Mina Tyrell,0,,,House Tyrell,,1
Moelle,0,,,Faith of the Seven,,1
Monterys Velaryon,1,293,,House Velaryon,12,1
Moredo Prestayn,1,,,,,1
Monford Velaryon,1,,299,House Velaryon,,0
Moribald Chester,0,,,House Chester,,1
Morton Waynwood,1,,,House Waynwood,,1
Morya Frey,0,268,,House Frey,37,1
Mullin,0,,,Night's Watch,,1
Moryn Tyrell,1,,,House Tyrell,,1
Munda,1,,,,,1
Muttering Bill,1,,300,Night's Watch,,0
Mushroom,1,,,House Targaryen,,1
Murmison,1,,41,Faith of the Seven,,0
Mylenda Caron,1,258,,House Caron,47,1
Myles Smallwood,1,,,House Smallwood,,1
Myles Mooton,1,,283,House Mooton,,0
Myria Jordayne,1,,,House Jordayne,,1
Myles Manwoody,1,,,House Manwoody,,1
Mysaria,0,,,,,1
Myrielle Lannister,0,,,House Lannister,,1
Noho Dimittis,1,,,Iron Bank of Braavos,,1
Norne Goodbrother,0,,,House Goodbrother of Shatterstone,,1
Norbert Vance,1,,,House Vance of Atranta,,1
Nymella Toland,0,,,House Toland,,1
Nysterica,0,,,,,1
Ollidor,1,,,Faith of the Seven,,1
Ollo Lophand,1,,300,Night's Watch,,0
Olyvar Frey,1,281,,House Frey,24,1
Omer Blackberry,0,,,House Blackberry,,1
Olymer Tyrell,1,,,House Tyrell,,1
Ondrew Locke,1,,,House Locke,,1
Orbert Caswell,1,,0,House Caswell,,0
Ordello,0,,299,,,0
Omer Florent,0,,,,,1
Orland of Oldtown,1,,,House Baratheon of King's Landing,,1
Ormond Yronwood,0,,,House Yronwood,,1
Orphan Oss,0,,300,Night's Watch,,0
Osbert Serry,0,,,House Serry,,1
Osmund Frey,0,297,,House Frey,8,1
Oswell Kettleblack,1,,,House Kettleblack,,1
Ossifer Plumm,1,,176,House Plumm,,0
Otho Bracken,1,,,House Bracken,,1
Ottyn Wythers,0,230,299,House Wythers,69,0
Owen Norrey,0,,299,House Norrey,,0
Pate of the Blue Fork,1,,299,House Frey,,0
Patrek Mallister,1,,,House Mallister,,1
Patrek Vance,0,264,,House Vance,41,1
Perriane Frey,0,241,,House Haigh,64,1
Perra Frey,0,294,,House Frey,11,1
Perwyn Frey,1,269,,House Frey,36,1
Philip Foote,1,,,House Foote,,1
Philip Plumm,1,,,House Plumm,,1
Pono,0,,,,,1
Qarro Volentin,0,,,,,1
Qarlton Chelsted,1,,283,House Chelsted,,0
Lord Commander Qorgyle,1,,288,House Qorgyle,,0
Quent,1,,,House Stark,,1
Quenten Banefort,1,,,House Banefort,,1
Quenton Hightower,1,,,House Hightower,,1
Quentyn Ball,1,,196,House Ball,,0
Quentyn Qorgyle,0,,,House Qorgyle,,1
Quincy Cox,1,,,House Cox,,1
Ragwyle,0,,,,,1
Ralf Kenning,1,,300,House Kenning of Harlaw,,0
Raymun Redbeard,1,,226,,,0
Raynard,1,,,Faith of the Seven,,1
Raynald Westerling,1,,299,House Westerling,,0
Red Alyn of the Rosewood,1,,300,Night's Watch,,0
Raynard Ruttiger,0,,,House Ruttiger,,1
Raymund Frey,1,264,,House Frey,41,1
Regenard Estren,0,,,House Estren,,1
Renly Norcross,1,296,,House Norcross,9,1
Renfred Rykker,1,,,House Rykker,,1
Rhea Royce,0,,115,House Royce,,0
Rennifer Longwaters,1,,,House Longwaters,,1
Rhea Florent,0,,,House Florent,,1
Rhogoro,1,,,,,1
Rickard Ryswell,1,,,House Ryswell,,1
Rickard Thorne,1,,130,House Thorne,,0
Rickard Wylde,0,295,,House Wylde,10,1
Robert Frey,0,286,,House Frey,19,1
Robert Flowers,1,,,Kingsguard,,1
Robert Brax,0,,299,House Brax,,0
Robin Hill,1,,,Night's Watch,,1
Robin Flint,0,,299,House Flint of Widow's Watch,,0
Robin Moreland,1,,,House Moreland,,1
Robin Ryger,1,237,,House Ryger,68,1
Rodrik Flint,1,,,House Flint,,1
Rodrik Stark,1,,,House Stark,,1
Rodrik Ryswell,1,,,House Ryswell,,1
Roger Hogg,1,,,House Hogg,,1
Rodwell Stark,1,,,House Stark,,1
Rolland Longthorpe,0,,,House Longthorpe,,1
Rolland Uffering,1,,,House Uffering,,1
Ronel Rivers,0,,,House Frey,,1
Ronald Connington,1,,,House Connington,,1
Ronald Vance,1,,,House Vance of Atranta,,1
Roro Uhoris,1,,,,,1
Royce Coldwater,0,,,House Coldwater,,1
Rufus Leek,0,,,House Leek,,1
Rugen,1,,,,,1
Runcel Hightower,1,,,House Hightower,,1
Rupert Brax,1,,299,House Brax,,0
Rycherd Crane,0,,,House Crane,,1
Ryam Redwyne,1,,105,House Redwyne,,0
Ryam Florent,1,,,House Florent,,1
Ryger Rivers,1,,,House Frey,,1
Ryella Frey,0,294,,House Frey,11,1
Ryella Royce,0,,,House Royce,,1
Rylene Florent,0,,,House Florent,,1
Ryon Allyrion,1,,,House Allyrion,,1
Saera Targaryen,1,61,,House Targaryen,100,0
Sallei Paege,0,,,House Paege,,1
Sandor Frey,0,287,,House Frey,18,1
Sarya Whent,0,,,House Whent,,1
Sarra Frey,0,285,,House Frey,20,1
Sawane Botley,1,,299,House Botley,,0
Scolera,0,,,Faith of the Seven,,1
Sebaston Farman,1,,,House Farman,,1
Selwyn Tarth,1,245,,House Tarth,60,1
Selmond Stackspear,0,,,House Stackspear,,1
Serala,0,,,House Darklyn,,1
Serwyn of the Mirror Shield,1,,,Kingsguard,,1
Serra Frey,0,285,,House Frey,20,1
Shella Whent,0,,300,House Whent,,0
Shierle Swyft,0,,,House Swyft,,1
Shiera Crakehall,0,,,House Crakehall,,1
Shirei Frey,0,292,,House Frey,13,1
Simon Staunton,1,,,House Staunton,,1
Sigfryd Harlaw,1,,,House Harlaw of Harlaw Hall,,1
Lord Staunton,1,,129,House Staunton,,0
Stannis Seaworth,1,289,,House Seaworth,16,1
Steffon Seaworth,1,293,,House Seaworth,12,1
Steffon Frey,0,263,,House Frey,42,1
Steffon Swyft,1,,,House Swyft,,1
Steffon Darklyn,0,,129,House Darklyn,,0
Steffon Stackspear,0,,,House Stackspear,,1
Sumner Crakehall,1,,,House Crakehall,,1
Sylas Flatnose,1,,,,,1
Sybell Spicer,0,,,House Spicer,,1
Symon Santagar,1,,,House Santagar,,1
Sybelle Glover,0,,,House Locke,,1
Sylwa Paege,0,,,House Paege,,1
Symon Hollard,1,,,House Hollard,,1
Symond Templeton,0,,,House Templeton,,1
Symond Frey,1,252,300,House Frey,48,0
Tallad,1,,,House Baratheon of King's Landing,,1
Tanton Fossoway,0,,,House Fossoway of Cider Hall,,1
Ternesio Terys,1,,,,,1
Terrence Kenning,0,,,House Kenning of Kayce,,1
Theodan Wells,0,,,House Wells,,1
Terrence Toyne,1,,178,House Toyne,,0
Theodore Tyrell,1,,,House Tyrell,,1
Theomar Smallwood,1,,,House Smallwood,,1
Theomore Harlaw,1,,,House Harlaw,,1
Tim Tangletongue,0,,,Night's Watch,,1
Three-Tooth,0,,,House Harlaw,,1
Titus Peake,1,,,House Peake,,1
Tion Frey,1,279,299,,20,0
Todder,1,,,Night's Watch,,1
Tomard,1,249,298,House Stark,49,0
Tommen Costayne,0,,,House Costayne,,1
Torbert,1,,,Faith of the Seven,,1
Torren Liddle,0,,,House Liddle,,1
Torwynd,1,,300,,,0
Trebor Jordayne,0,,,House Jordayne,,1
Tremond Gargalen,0,,,House Gargalen,,1
Tristan Mudd,1,,,House Mudd,,1
Triston of Tally Hill,0,,,House Sunglass,,1
Triston Farwynd,0,,,House Farwynd,,1
Triston Sunderland,1,,,House Sunderland,,1
Tybolt Hetherspoon,1,,,House Hetherspoon,,1
Tybolt Crakehall,1,,,House Crakehall,,1
Tybolt Lannister,1,,212,House Lannister,,0
Tyana Wylde,0,,,House Wylde,,1
Tyta Frey,0,269,,House Frey,36,1
Tyrek Lannister,1,286,299,House Lannister,13,0
Tysane Frey,0,292,,House Frey,13,1
Tytos Brax,1,,,House Brax,,1
Tytos Frey,1,261,299,House Frey,38,0
Tywin Frey,1,287,,House Frey,18,1
Ulrick Dayne,1,,,House Dayne,,1
Ulwyck Uller,1,,,House Uller,,1
Unella,0,,,Faith of the Seven,,1
Utherydes Wayn,0,237,,House Wayn,68,1
Uthor Tollett,0,,,House Tollett,,1
Vaemond Velaryon,1,,126,House Velaryon,,0
Valaena Velaryon,0,,,House Velaryon,,1
Vayon Poole,1,,298,House Poole,,0
Vickon Greyjoy,0,,33,House Greyjoy,,0
Viserys Plumm,0,176,,House Plumm,100,0
Vylarr,1,,,House Lannister,,1
Vortimer Crane,0,,,House Crane,,1
Walda Rivers,0,294,,House Frey,11,1
Walder Haigh,0,294,,House Haigh,11,1
Walder Brax,0,293,,House Brax,12,1
Walder Goodbrook,1,290,,House Goodbrook,15,1
Waldon Wynch,1,,,House Wynch,,1
Wallace Waynwood,1,,,House Waynwood,,1
Walgrave,1,,,Maesters,,1
Walder Vance,1,263,,House Vance,42,1
Walton Stark,1,,,House Stark,,1
Walton Frey,1,249,,House Frey,56,1
Warryn Beesbury,0,,,House Beesbury,,1
Waltyr Frey,1,289,,House Frey,16,1
Wendel Frey,1,286,,House Frey,19,1
Whalen Frey,1,267,,House Frey,38,1
Willamen Frey,1,272,,,33,1
Willam Wells,1,,300,House Wells,,0
Willem Darry,1,,289,House Darry,,0
Willam Wythers,1,,,House Wythers,,1
Willem Lannister,1,285,299,House Lannister,14,0
Willem Frey,1,289,,House Frey,16,1
Willam Stark,1,,226,House Stark,,0
William Mooton,1,,,House Mooton,,1
Wynton Stout,1,219,,House Stout,86,1
Wynafrei Whent,0,,,House Whent,,1
Ysilla Royce,1,,,House Royce,,1
Zachery Frey,1,287,,House Frey,18,1
Zhoe Blanetree,0,,,House Blanetree,,1
Zia Frey,0,285,,House Frey,20,1
Addam Marbrand,1,,,House Marbrand,,1
Aegor Rivers,1,172,241,House Bracken,69,0
Aenys Frey,1,240,300,House Frey,60,0
Aerion Targaryen,1,191,232,House Targaryen,41,0
Aemond Targaryen,1,110,130,House Targaryen,20,0
Amerei Frey,0,282,,House Frey,23,1
Androw Ashford,1,,,House Ashford,,1
Anders Yronwood,1,,,House Yronwood,,1
Arnolf Karstark,1,,,House Karstark,,1
Arya Stark,0,289,,House Stark,16,1
Axell Florent,1,,,House Florent,,1
Aurane Waters,1,277,,House Velaryon,28,1
Ben Plumm,1,,,Second Sons,,1
Benfred Tallhart,1,281,299,House Tallhart,18,0
Boros Blount,1,,,House Blount,,1
Black Balaq,1,,,Golden Company,,1
Bloodbeard,0,,,Company of the Cat,,1
Bran Stark,1,290,,House Stark,15,1
Bronn,1,264,,House Stokeworth,41,1
Bryce Caron,1,,299,House Caron,,0
Butterbumps,1,,,House Tyrell,,1
Cassana Estermont,1,,278,House Estermont,,0
Chett,1,,299,Night's Watch,,0
Clayton Suggs,1,,,House Suggs,,1
Cersei Lannister,0,266,,House Lannister,39,1
Chiswyck,0,,299,House Clegane,,0
Cleon,1,,300,,,0
Cohollo,1,,298299,Khal,,0
Cortnay Penrose,1,,299,House Penrose,,0
Cotter Pyke,1,,,Night's Watch,,1
Cragorn,1,,300,House Greyjoy,,0
Crawn,1,,,Moon Brothers,,1
Creighton Longbough,1,240,,,65,1
Cressen,1,219,299,,80,0
Daario Naharis,1,,,Stormcrows,,1
Dagmer,1,,,House Greyjoy,,1
Dagos Manwoody,1,,,House Manwoody,,1
Danelle Lothston,0,,,House Lothston,,1
Dalla,0,,300,,,0
Doran Martell,1,247,,House Nymeros Martell,58,1
Ebrose,1,,,,,1
Eddison Tollett,1,,,House Tollett,,1
Edric Dayne,1,287,,House Dayne,18,1
Edwyn Frey,1,259,,House Frey,46,1
Eldon Estermont,1,228,,House Estermont,77,1
Ellaria Sand,0,,,House Uller,,1
Ethan Glover,1,,283,House Glover,,0
Emmon Frey,1,237,,House Frey of Riverrun,68,1
Galbart Glover,1,,,House Glover,,1
Gerold Hightower,1,,283,House Hightower,,0
Ghost of High Heart,0,,,,,1
Gerris Drinkwater,1,275,,House Drinkwater,30,1
Gilly,0,282,,,23,1
Greydon Goodbrother,1,,,House Goodbrother,,1
Harmen Uller,1,,,House Uller,,1
Gyles Rosby,1,,300,House Rosby,,0
Harren Hoare,1,,,,,0
Harras Harlaw,1,,,House Harlaw of Grey Garden,,1
Harrold Hardyng,1,281,,House Hardyng,24,1
Helaena Targaryen,0,109,130,House Targaryen,21,0
Hodor,1,,,House Stark,,1
Harrion Karstark,1,,,House Karstark,,1
Iggo,1,,299,Brave Companions,,0
Hother Umber,1,241,,House Umber,64,1
Jalabhar Xho,1,,,Summer Islands,,1
Janos Slynt,1,278,300,Night's Watch,22,0
Jared Frey,1,248,300,House Frey,52,0
Jasper Wylde,1,,130,House Wylde,,0
Jhaqo,0,,,,,1
Jeyne Lothston,0,164,,House Lothston,100,0
Jhiqui,0,284,,House Targaryen,21,1
Jon Bulwer,1,,,House Bulwer,,1
Jory Cassel,1,,298,House Cassel,,0
Jorah Mormont,1,254,,House Mormont,51,1
Karyl Vance,1,,,House Vance of Wayfarer's Rest,,1
Khrazz,1,277,300,House of Loraq,23,0
Kurleket,1,,298,House Bracken,,0
Lann the Clever,1,,,House Lannister,,1
Kyle Condon,1,,,House Condon,,1
Lancel Lannister,1,282,,House Lannister of Casterly Rock,23,1
Likely Luke,0,,,Brotherhood Without Banners,,1
Lucas Inchfield,1,,211,House Inchfield,,0
Lollys Stokeworth,0,265,,House Stokeworth,40,1
Lyanna Stark,1,266,283,House Stark,17,0
Lyle Crakehall,1,,,House Crakehall,,1
Lucas Blackwood,1,,299,House Blackwood,,0
Lyn Corbray,1,,,House Corbray,,1
Lynesse Hightower,1,,,House Hightower,,1
Mace Tyrell,1,256,,House Tyrell,49,1
Mag Mar Tun Doh Weg,1,,300,,,0
Mandon Moore,1,,299,House Moore,,0
Mago,0,,,,,1
Maron Botley,1,,,House Botley,,1
Marillion,1,279,300,,21,0
Marya Seaworth,0,,,House Seaworth,,1
Marwyn,1,,,,,1
Masha Heddle,0,,298,,,0
Matthos Seaworth,1,,299,House Seaworth,,0
Meera Reed,0,283,,House Reed,22,1
Melara Hetherspoon,0,264,276,House Hetherspoon,12,0
Melissa Blackwood,0,156,,House Blackwood,100,0
Melisandre,0,,,R'hllor,,1
Merrit,0,,,Brotherhood without banners,,1
Meryn Trant,1,,,House Trant,,1
Merrett Frey,1,262,300,House Frey,38,0
Mohor,1,,298,House Bracken,,0
Missandei,0,288,,House Targaryen,17,1
Moon Boy,1,,,House Baratheon of King's Landing,,1
Monster,0,299,,,6,1
Mord,1,,,House Arryn,,1
Minisa Whent,0,,,House Whent,,1
Mordane,0,,298,House Stark,,0
Murenmure,1,,,,,1
Myles,1,,,House Martell,,1
Mors Martell,0,,,House Martell,,1
Mya Stone,0,279,,House Royce of the Gates of the Moon,26,1
Myrcella Baratheon,0,290,,House Baratheon of King's Landing,15,1
Nestor Royce,1,,,House Royce of the Gates of the Moon,,1
Nute,1,,,House Greyjoy,,1
Nymeria Sand,0,274,,House Martell,31,1
Nymeria,0,,,House Martell,,1
Oberyn Martell,1,257,300,House Martell,43,0
Obella Sand,0,287,,House Martell,18,1
Olenna Redwyne,0,228,,House Redwyne,77,1
Mychel Redfort,1,,,House Redfort,,1
Orwyle,1,,,,,1
Osha,1,,,House Stark,,1
Osfryd Kettleblack,1,,,House Kettleblack,,1
Osney Kettleblack,1,,,House Kettleblack,,1
Orys Baratheon,1,,38,House Baratheon,,0
Osmund Kettleblack,1,,,House Kettleblack,,1
Othell Yarwyck,1,,,House Yarwyck,,1
Oswell Whent,1,,283,House Whent,,0
Otto Hightower,1,,130,House Hightower,,0
Patchface,1,,,House Baratheon of Dragonstone,,1
Paxter Redwyne,1,,,House Redwyne,,1
Pearse Caron,1,,,House Caron,,1
Petyr Frey,1,281,300,House Frey,19,0
Pia,0,,,House Whent,,1
Podrick Payne,1,286,,House Payne,19,1
Preston Greenfield,1,,299,House Greenfield,,0
Polliver,1,,300,House Clegane,,0
Pyat Pree,0,,,Undying Ones,,1
Pylos,1,273,,,32,1
Pycelle,1,216,300,House Lannister,84,0
Qhorin Halfhand,1,,299,Night's Watch,,0
Qotho,1,,298299,,,0
Quentyn Martell,1,281,300,House Martell,19,0
Ralf Stonehouse,1,,,House Stonehouse,,1
Ramsay Snow,1,282,,House Bolton of the Dreadfort,23,1
Randyll Tarly,1,,,House Tarly,,1
Raymun Fossoway,1,,,House Fossoway of New Barrel,,1
Raymun Darry,1,,298,House Darry,,0
Ravella Swann,0,,,House Swann,,1
Small Paul,1,,299,Night's Watch,,0
Tristifer Botley,1,,,House Botley,,1
Styr,1,,300,Thenn,,0
Rat Cook,1,,,Night's Watch,,1
Prendahl na Ghezn,1,,299,Stormcrows,,0
Ulmer,1,,,Kingswood Brotherhood,,1
Oznak zo Pahl,1,,299,House of Pahl,,0
Aegon Blackfyre,1,184,196,House Blackfyre,12,0
Addam Velaryon,1,114,130,House Velaryon,16,0
Aegon V Targaryen,1,,,,,0
Aemon Blackfyre,1,184,196,House Blackfyre,12,0
Aeron Greyjoy,1,269,,House Greyjoy,36,1
Alfyn,1,,299,,,0
Alannys Harlaw,0,,,House Greyjoy,,1
Alayaya,0,282,,Chataya's brothel,23,1
Alyn,1,,298,House Stark,,0
Alliser Thorne,1,,,House Thorne,,1
Alester Florent,1,,300,House Florent,,0
Alysane Mormont,0,273,,House Mormont,32,1
Alerie Hightower,0,257,,House Hightower,48,1
Anguy,1,,,Brotherhood without banners,,1
Andrik,1,,,House Drumm,,1
Amory Lorch,1,,299,House Lorch,,0
Archibald Yronwood,1,,,House Yronwood,,1
Arlan of Pennytree,1,149,209,,60,0
Areo Hotah,1,257,,House Martell,48,1
Arwyn Oakheart,1,,,House Oakheart,,1
Arthur Dayne,1,,283,House Dayne,,0
Arys Oakheart,1,,300,House Oakheart,,0
Ashara Dayne,0,,283,House Dayne,,0
Aron Santagar,1,,299,House Santagar,,0
Asha Greyjoy,0,275,,House Greyjoy,30,1
Azor Ahai,0,,,,,1
Bael the Bard,1,,,,,1
Baelor Blacktyde,1,,300,House Blacktyde,,0
Balon Greyjoy,1,,,,,0
Ballabar,1,,,House Redwyne,,1
Baelor I Targaryen,1,,,,,0
Balon Swann,1,,,House Swann,,1
Barba Bracken,0,155,,House Bracken,100,0
Barristan Selmy,1,236,,House Selmy,69,1
Barbrey Dustin,0,,,House Ryswell,,1
Bellegere Otherys,0,,,,,1
Beardless Dick,0,,,Brotherhood Without Banners,,1
Belwas,1,,,House Targaryen,,1
Benjen Stark,1,267,,House Stark,38,1
Bethany Bracken,0,156,178,House Bracken,22,0
Beric Dondarrion,1,276,299,,23,0
Biter,1,,300,Brave Companions,,0
Bluetooth,1,,,House Greyjoy,,1
Brandon Norrey,1,,,House Norrey,,1
Bowen Marsh,1,,,Night's Watch,,1
Bonifer Hasty,1,,,House Hasty,,1
Bran the Builder,0,,,House Stark,,1
Brynden Rivers,1,175,252,House Targaryen,77,0
Brynden Tully,1,242,,House Tully,63,1
Caleotte,1,,,House Martell,,1
Cassella Vaith,0,,,House Vaith,,1
Cellador,1,,,Night's Watch,,1
Chella,0,,,Black Ears,,1
Cletus Yronwood,1,,300,House Yronwood,,0
Colemon,1,,,House Arryn,,1
Corlys Velaryon,1,53,132,House Velaryon,79,0
Criston Cole,1,82,130,House Cole,48,0
Daemon I Blackfyre,1,170,196,House Blackfyre,26,0
Daemon Targaryen,1,81,130,House Targaryen,49,0
Daenerys Targaryen,0,284,,House Targaryen,21,1
Danny Flint,0,,,House Flint,,1
Daven Lannister,1,273,,House Lannister,32,1
Dick Crabb,1,,300,House Crabb,,0
Donal Noye,1,244,300,House Baratheon,56,0
Domeric Bolton,1,279,297,House Bolton,18,0
Davos Seaworth,1,260,,House Seaworth,45,1
Dorea Sand,0,291,,House Martell,14,1
Dywen,1,,,Night's Watch,,1
Eddard Karstark,1,,298,House Karstark,,0
Eddard Stark,1,263,299,House Stark,36,0
Elia Sand,0,285,,House Martell,20,1
Edmure Tully,1,267,,House Tully,38,1
Elia Martell,0,256,283,,27,0
Emmon Cuy,1,,299,House Cuy,,0
Eleyna Westerling,0,287,,House Westerling,18,1
Falena Stokeworth,1,125,,House Stokeworth,100,0
Falia Flowers,0,281,,House Hewett,24,1
Eustace Osgrey,1,,,House Osgrey,,1
Farlen,1,,299,House Stark,,0
Falyse Stokeworth,0,265,300,House Stokeworth,35,0
Galazza Galare,0,217,,Graces,88,1
Emmond,1,,,Drowned men,,1
Garth Hightower,0,,,House Hightower,,1
Gared,1,231,297,Night's Watch,66,0
Genna Lannister,0,245,,,60,1
Garlan Tyrell,1,277,,House Tyrell of Brightwater Keep,28,1
Gerion Lannister,1,255,291,House Lannister,36,0
Gevin Harlaw,0,,299,House Harlaw,,0
Gerold Dayne,1,270,,House Dayne of High Hermitage,35,1
Godry Farring,1,,,House Farring,,1
Gorold Goodbrother,1,,,House Goodbrother,,1
Grenn,1,281,,Night's Watch,24,1
Grey Worm,1,,,Unsullied,,1
Greenbeard,1,,,Brotherhood without banners,,1
Groleo,0,,300,House Targaryen,,0
Grunt,1,,,House Bolton,,1
Gregor Clegane,1,265,300,House Clegane,35,0
Gylbert Farwynd,1,,,House Farwynd of the Lonely Light,,1
Guyard Morrigen,1,278,299,House Morrigen,21,0
Hallyne,1,,,Alchemists' Guild,,1
Haggo,1,,298299,,,0
Hazzea,0,295,300,,5,0
Hizdahr zo Loraq,1,,,,,1
Harma,0,,300,,,0
Harry Strickland,1,,,House Strickland,,1
Harys Swyft,1,,,House Swyft,,1
Harwin,0,271,,House Stark,34,1
Hobb,1,,,Night's Watch,,1
High Sparrow,1,,,Faith of the Seven,,1
Hot Pie,0,,,,,1
Howland Reed,1,260,,House Reed,45,1
Holly,1,283,300,,17,0
Hugh,1,,298,House Arryn,,0
Hyle Hunt,0,,,House Hunt,,1
Hoster Tully,1,237,299,House Tully,62,0
Humfrey Hewett,1,,,House Hewett,,1
Ilyn Payne,1,,,House Payne,,1
Illyrio Mopatis,1,,,House Targaryen,,1
Irri,0,283,,House Targaryen,22,1
Imry Florent,1,,299,House Florent,,0
Jack-Be-Lucky,1,,,Brotherhood without banners,,1
Jacelyn Bywater,1,,299,House Bywater,,0
Jaime Lannister,1,266,,House Lannister,39,1
Jason Mallister,1,,,House Mallister,,1
Jeyne Poole,0,,,House Poole,,1
Jon Arryn,1,217,298,House Arryn,81,0
Jon Fossoway,1,,,House Fossoway of New Barrel,,1
Jonos Bracken,1,,,House Bracken,,1
Justin Massey,1,,,House Massey,,1
Kedry,1,,300,,,0
Jon Snow,1,283,,House Stark,22,1
Joss Stilwood,1,,,House Clegane,,1
Kevan Lannister,1,244,300,House Lannister,56,0
Lady of the Leaves,0,,,,,1
Lharys,1,,298,House Bracken,,0
Leyton Hightower,1,,,House Hightower,,1
Larys Strong,1,91,,House Strong,100,0
Lomys,1,,,,,1
Lewyn Martell,1,,283,House Martell,,0
Lothar Frey,1,264,,House Frey,41,1
Lothor Brune,1,,,House Brune of Brownhollow,,1
Lysa Arryn,0,266,300,House Tully,34,0
Maege Mormont,0,239,,House Mormont,66,1
Mad Huntsman,1,,,Brotherhood without banners,,1
Mance Rayder,1,,,,,1
Mark Mullendore,1,,,House Mullendore,,1
Mark Ryswell,0,,283,House Ryswell,,0
Marlon Manderly,1,,,House Manderly,,1
Maron Greyjoy,1,275,289,House Greyjoy,14,0
Martyn Cassel,0,,284,House Cassel,,0
Marq Piper,1,,,House Piper,,1
Mathis Rowan,1,,,House Rowan,,1
Meribald,1,247,,Faith of the Seven,58,1
Mirri Maz Duur,0,257,299,,42,0
Mikken,1,,299,House Stark,,0
Morros Slynt,1,,,House Slynt,,1
Myranda Royce,0,279,,House Royce of the Gates of the Moon,26,1
Nettles,0,113,,Blacks,100,0
Notch,0,,,Brotherhood without Banners,,1
Obara Sand,0,271,,House Martell,34,1
Ulf the White,1,,130,Blacks,,0
Pypar,1,,,Night's Watch,,1
Roose Bolton,1,260,,House Bolton,45,1
Shireen Baratheon,0,289,,House Baratheon of Dragonstone,16,1
Smiling Knight,1,,,Kingswood Brotherhood,,1
Renly Baratheon,1,277,299,House Baratheon,22,0
Theon Greyjoy,1,278,,House Greyjoy,27,1
Robyn Rhysling,1,,,House Rhysling,,1
Rodrik Harlaw,1,,,House Harlaw,,1
Wendamyr,1,,,House Greyjoy,,1
Varamyr,1,,300,,,0
Robin Potter,1,,,House Potter,,1
Richard Horpe,1,,,House Horpe,,1
Sansa Stark,0,286,,House Stark,19,1
Vargo Hoat,1,,300,Brave Companions,,0
Jaqen H'ghar,1,,,Faceless Men,,1
Robert Arryn,1,292,,House Arryn,13,1
Rakharo,1,,,House Targaryen,,1
Rhaella Targaryen,1,245,284,House Targaryen,39,0
Tywin Lannister,1,242,300,House Lannister,58,0
Shagga,1,,,Stone Crows,,1
Wyman Manderly,1,239,,House Manderly,66,1
Yellow Dick,1,,300,House Bolton,,0
Yoren,0,,299,Night's Watch,,0
Watty,0,,,Brotherhood without banners,,1
Skahaz mo Kandaq,0,,,House of Kandaq,,1
Wylis Manderly,1,252,,House Manderly,53,1
Theo Wull,1,,283,House Wull,,0
Wylla Manderly,0,284,,House Manderly,21,1
Willas Tyrell,1,270,,House Tyrell,35,1
Wendel Manderly,1,254,299,House Manderly,45,0
Simon Toyne,0,,281,House Toyne,,0
Steffon Baratheon,1,246,278,House Baratheon,32,0
Shagwell,1,,300,Brave Companions,,0
Rickard Karstark,1,,299,House Karstark,,0
Senelle,1,,300,House Lannister,,0
Shiera Seastar,0,178,,House Targaryen,100,0
Reznak mo Reznak,1,,,House of Reznak,,1
Ronnet Connington,1,274,,House Connington,31,1
Tytos Blackwood,1,,,House Blackwood,,1
Syrio Forel,0,,298,House Stark,,0
Rodrik Cassel,1,,299,House Cassel,,0
Stevron Frey,1,233,299,House Frey,66,0
Steely Pate,1,,,,,1
Victaria Tyrell,0,,,House Tyrell,,1
Jon Connington,1,263,,House Connington,42,1
Rorge,1,,300,Brave Companions,,0
Rickard Stark,1,230,282,House Stark,52,0
Visenya Targaryen,0,-28,44,House Targaryen,72,0
Petyr Baelish,1,268,,House Baelish,37,1
Viserys Targaryen,1,276,298,House Targaryen,22,0
Varys,1,,,,,1
Stygg,0,,,House Greyjoy,,1
Salladhor Saan,1,,,House Baratheon of Dragonstone,,1
Victarion Greyjoy,1,268,,House Greyjoy,37,1
Timeon,1,,300,Brave Companions,,0
Tysha,1,271,,,34,1
Shae,0,280,300,,20,0
Spotted Cat,1,,,,,1
Tormund,1,,,,,1
Rodrik Greyjoy,1,274,289,House Greyjoy,15,0
Tyrion Lannister,1,273,,House Lannister,32,1
Josmyn Peckledon,1,284,,House Peckledon,21,1
Trystane Martell,1,287,,House Martell,18,1
Rolland Storm,1,,,House Caron,,1
Willam Dustin,1,,283,House Dustin,,0
Torrhen Karstark,1,,298,House Karstark,,0
Three Toes,1,,,Brave Companions,,1
Ygritte,1,280,299,Mance Rayder,19,0
Tyland Lannister,1,,133,House Lannister,,0
Thoren Smallwood,1,,299,Night's Watch,,0
Rolph Spicer,0,,,House Spicer,,1
Selyse Florent,0,,,House Florent,,1
Tyrion Tanner,1,300,,House Stokeworth,5,1
Sandor Clegane,1,270,300,House Clegane,30,0
Ulf son of Umar,1,,298,Moon Brothers,,0
Urswyck,1,,,Brave Companions,,1
Clydas,1,240,,Night's Watch,65,1
Damion Lannister,1,,,House Lannister,,1
Kraznys mo Nakloz,1,,299,Good Masters,,0
Dacey Mormont,0,252,299,House Mormont,47,0
Jojen Reed,1,286,,House Reed,19,1
Lyonel Baratheon,1,,239,House Baratheon,,0
Khorane Sathmantes,0,,,,,1
Vardis Egen,1,249,298,House Egen,49,0
Tya Lannister,1,,,House Baratheon,,1
Vyman,0,,,,,1
Orton Merryweather,1,,,House Merryweather,,1
Jeor Mormont,1,230,299,House Mormont,69,0
Samwell Stone,1,,,House Royce,,1
Mors Umber,1,235,,House Umber,70,1
Rhaegar Frey,1,269,300,House Frey,31,0
Parmen Crane,1,,,House Crane,,1
Qyburn,1,,,House Lannister,,1
Weese,1,,299,House Whent,,0
Qarl the Maid,1,,,,,1
Rickon Stark,1,295,,House Stark,10,1
Roslin Frey,1,282,,House Frey,23,1
Robar Royce,1,277,299,House Royce,22,0
Robett Glover,1,,,House Glover,,1
Rhae Targaryen,0,201,,House Targaryen,100,0
Ryman Frey,1,246,300,House Frey,54,0
Quaithe,0,,,,,1
Rolly Duckfield,1,,,House Targaryen,,1
Togg Joth,1,,,Brave Companions,,1
Taena of Myr,0,276,,House Merryweather,29,1
Pyg,0,,300,Brave Companions,,0
Stonesnake,1,250,,Night's Watch,55,1
Tycho Nestoris,1,,,Iron Bank of Braavos,,1
Tanselle,0,,,,,1
Rhaelle Targaryen,0,229,,House Targaryen,76,1
Tom of Sevenstreams,1,240,,Brotherhood without banners,65,1
Shyra Errol,0,,,House Errol,,1
Steelskin,1,,,House of Loraq,,1
Val,0,,,,,1
Satin,1,280,,Night's Watch,25,1
Xaro Xhoan Daxos,1,,,Thirteen,,1
Maelor Targaryen,1,127,130,House Targaryen,3,0
Arianne Martell,0,276,,House Martell,29,1
Damon Dance-for-Me,1,,,House Bolton,,1
Alysanne Targaryen,0,,,,,0
Baela Targaryen,0,116,,House Targaryen,100,0
Brandon Stark,1,262,282,House Stark,20,0
Dunstan Drumm,1,212,,House Drumm,93,1
Daemon Sand,1,,,House Allyrion,,1
Jafer Flowers,1,,298,Night's Watch,,0
Lysono Maar,1,,,Golden Company,,1
Mycah,1,285,298,,13,0
Joyeuse Erenford,1,282,,House Erenford,23,1
Rossart,1,,283,Alchemists' Guild,,0
Tyene Sand,0,276,,House Martell,29,1
Waymar Royce,1,278,297,House Royce,19,0
Stiv,0,,298,Night's Watch,,0
Daemon II Blackfyre,1,188,211,House Blackfyre,23,0
Chataya,0,,,Chataya's brothel,,1
Hugh Hammer,1,,130,Blacks,,0
Tygett Lannister,1,250,,House Lannister,55,1
Sarella Sand,0,280,,House Martell,25,1
Rhaegar Targaryen,1,259,283,House Targaryen,24,0
Dunsen,1,,,House Clegane,,1
Barra,1,298,299,House Baratheon,1,0
Bethany Bolton,1,,,House Bolton,,1
Desmond Grell,0,237,,House Grell,68,1
Devan Seaworth,1,287,,House Seaworth,18,1
Gendry,1,284,,brotherhood without banners,21,1
Gran Goodbrother,1,,,House Goodbrother,,1
Loras Tyrell,1,282,,House Tyrell,23,1
Ricasso,0,,,House Martell,,1
Stalwart Shield,0,,300,Unsullied,,0
Yohn Royce,1,,,House Royce,,1
Yandry,1,,,House Targaryen,,1
Tarle,1,,,Drowned men,,1
Temmo,1,,,,,1
Rohanne Webber,0,185,,House Webber,100,0
Gormond Goodbrother,1,282,,House Goodbrother,23,1
Walder Rivers,1,,,House Frey,,1
Symon Silver Tongue,1,,299,,,0
Moqorro,1,,,R'hllor,,1
Meg,0,,,Brotherhood Without Banners,,1
Laena Velaryon,0,93,120,House Velaryon,27,0
Luwin,1,,299,House Stark,,0
Reek,1,,299,House Bolton,,0
Symeon Star-Eyes,1,,,,,1
Coldhands,1,,,Three-eyed crow,,1
Tytos Lannister,1,220,267,House Lannister,47,0
